suite,label,method,ckpt,n_ep,n_requested,seed,success,success_curve,steps_mean,first_success_mean,timing,adapt_stats,planner,horizon,opt_steps,max_replans,chunk,goal_gap,wall,curve
shape,T,dtajepa,push4_meta,12,12,0,25.0,"[0.16666666666666666, 0.25, 0.25, 0.25, 0.25, 0.25]",30.0,1.25,"{'plan': 28.027509212493896, 'env': 0.7381551265716553, 'adapt': 6.37419056892395}","{'lr': 0.0016918925593419302, 'anchor_proj': 13.916666666666666, 'depth': 0.0, 'steps': 13.916666666666666, 'surprise': 94.73582005500792, 'updates': 6.0, 'rollback': 0.0, 'retrieved': 13.916666666666666, 'param_mem_size': 0, 'anchor_proj_total': 167.0}",gd,8,10,6,5,15,36.10322570800781,"[16.666666666666664, 25.0, 25.0, 25.0, 25.0, 25.0]"
shape,L,dtajepa,push4_meta,12,12,0,8.333333333333332,"[0.0, 0.08333333333333333, 0.08333333333333333, 0.08333333333333333, 0.08333333333333333, 0.08333333333333333]",30.0,0.5,"{'plan': 27.816726684570312, 'env': 0.7350459098815918, 'adapt': 6.263890027999878}","{'lr': 0.0015844502781507993, 'anchor_proj': 13.583333333333334, 'depth': 0.0, 'steps': 13.666666666666666, 'surprise': 79.84743665324318, 'updates': 6.0, 'rollback': 0.25, 'retrieved': 13.666666666666666, 'param_mem_size': 0, 'anchor_proj_total': 163.0}",gd,8,10,6,5,15,35.14046382904053,"[0.0, 8.333333333333332, 8.333333333333332, 8.333333333333332, 8.333333333333332, 8.333333333333332]"
shape,Z,dtajepa,push4_meta,12,12,0,33.33333333333333,"[0.16666666666666666, 0.16666666666666666, 0.25, 0.25, 0.25, 0.3333333333333333]",30.0,4.083333333333333,"{'plan': 26.77797508239746, 'env': 0.7275533676147461, 'adapt': 6.171931505203247}","{'lr': 0.0015049051808430577, 'anchor_proj': 13.25, 'depth': 0.0, 'steps': 13.333333333333334, 'surprise': 79.01884452501933, 'updates': 6.0, 'rollback': 0.16666666666666666, 'retrieved': 13.333333333333334, 'param_mem_size': 0, 'anchor_proj_total': 159.0}",gd,8,10,6,5,15,34.004310846328735,"[16.666666666666664, 16.666666666666664, 25.0, 25.0, 25.0, 33.33333333333333]"
shape,+,dtajepa,push4_meta,12,12,0,16.666666666666664,"[0.0, 0.08333333333333333, 0.08333333333333333, 0.16666666666666666, 0.16666666666666666, 0.16666666666666666]",30.0,2.0833333333333335,"{'plan': 27.70351219177246, 'env': 0.7941482067108154, 'adapt': 6.415567874908447}","{'lr': 0.001547222107435388, 'anchor_proj': 13.416666666666666, 'depth': 0.0, 'steps': 13.583333333333334, 'surprise': 88.64846695794, 'updates': 6.0, 'rollback': 0.08333333333333333, 'retrieved': 13.583333333333334, 'param_mem_size': 0, 'anchor_proj_total': 161.0}",gd,8,10,6,5,15,35.24464297294617,"[0.0, 8.333333333333332, 8.333333333333332, 16.666666666666664, 16.666666666666664, 16.666666666666664]"
shape,I,dtajepa,push4_meta,12,12,0,58.333333333333336,"[0.16666666666666666, 0.5, 0.5833333333333334, 0.5833333333333334, 0.5833333333333334, 0.5833333333333334]",30.0,4.5,"{'plan': 28.884946823120117, 'env': 0.776770830154419, 'adapt': 6.576038599014282}","{'lr': 0.0017374999240799783, 'anchor_proj': 14.083333333333334, 'depth': 0.0, 'steps': 14.083333333333334, 'surprise': 90.32394358846877, 'updates': 6.0, 'rollback': 0.08333333333333333, 'retrieved': 14.083333333333334, 'param_mem_size': 0, 'anchor_proj_total': 169.0}",gd,8,10,6,5,15,36.56701326370239,"[16.666666666666664, 50.0, 58.333333333333336, 58.333333333333336, 58.333333333333336, 58.333333333333336]"
shape,smallT,dtajepa,push4_meta,12,12,0,8.333333333333332,"[0.08333333333333333, 0.08333333333333333, 0.08333333333333333, 0.08333333333333333, 0.08333333333333333, 0.08333333333333333]",30.0,0.3333333333333333,"{'plan': 26.919450044631958, 'env': 0.672065258026123, 'adapt': 5.930056095123291}","{'lr': 0.0014850805882311482, 'anchor_proj': 12.916666666666666, 'depth': 0.0, 'steps': 12.916666666666666, 'surprise': 87.74627486864726, 'updates': 6.0, 'rollback': 0.08333333333333333, 'retrieved': 12.916666666666666, 'param_mem_size': 0, 'anchor_proj_total': 155.0}",gd,8,10,6,5,15,33.843305826187134,"[8.333333333333332, 8.333333333333332, 8.333333333333332, 8.333333333333332, 8.333333333333332, 8.333333333333332]"
shape,square,dtajepa,push4_meta,12,12,0,41.66666666666667,"[0.25, 0.25, 0.4166666666666667, 0.4166666666666667, 0.4166666666666667, 0.4166666666666667]",30.0,2.5833333333333335,"{'plan': 28.749224424362183, 'env': 0.7323219776153564, 'adapt': 6.740325450897217}","{'lr': 0.001750287560972596, 'anchor_proj': 14.25, 'depth': 0.0, 'steps': 14.416666666666666, 'surprise': 96.43190863397386, 'updates': 6.0, 'rollback': 0.3333333333333333, 'retrieved': 14.416666666666666, 'param_mem_size': 0, 'anchor_proj_total': 171.0}",gd,8,10,6,5,15,36.56046199798584,"[25.0, 25.0, 41.66666666666667, 41.66666666666667, 41.66666666666667, 41.66666666666667]"
shape,T,dtajepa,push4_meta,12,12,1,16.666666666666664,"[0.0, 0.08333333333333333, 0.16666666666666666, 0.16666666666666666, 0.16666666666666666, 0.16666666666666666]",30.0,1.5833333333333333,"{'plan': 28.325602531433105, 'env': 0.7258191108703613, 'adapt': 6.626698970794678}","{'lr': 0.0017207643822435299, 'anchor_proj': 14.416666666666666, 'depth': 0.0, 'steps': 14.416666666666666, 'surprise': 84.89171045356328, 'updates': 6.0, 'rollback': 0.08333333333333333, 'retrieved': 14.416666666666666, 'param_mem_size': 0, 'anchor_proj_total': 173.0}",gd,8,10,6,5,15,36.00272011756897,"[0.0, 8.333333333333332, 16.666666666666664, 16.666666666666664, 16.666666666666664, 16.666666666666664]"
shape,L,dtajepa,push4_meta,12,12,1,50.0,"[0.3333333333333333, 0.3333333333333333, 0.4166666666666667, 0.5, 0.5, 0.5]",30.0,3.5833333333333335,"{'plan': 28.19268774986267, 'env': 0.7293753623962402, 'adapt': 6.375031471252441}","{'lr': 0.0016628512500104116, 'anchor_proj': 13.833333333333334, 'depth': 0.0, 'steps': 14.0, 'surprise': 96.23319623205397, 'updates': 6.0, 'rollback': 0.08333333333333333, 'retrieved': 14.0, 'param_mem_size': 0, 'anchor_proj_total': 166.0}",gd,8,10,6,5,15,35.62033987045288,"[33.33333333333333, 33.33333333333333, 41.66666666666667, 50.0, 50.0, 50.0]"
shape,Z,dtajepa,push4_meta,12,12,1,16.666666666666664,"[0.08333333333333333, 0.08333333333333333, 0.16666666666666666, 0.16666666666666666, 0.16666666666666666, 0.16666666666666666]",30.0,1.0,"{'plan': 28.08291268348694, 'env': 0.7814300060272217, 'adapt': 6.58622932434082}","{'lr': 0.0017111199760126176, 'anchor_proj': 14.333333333333334, 'depth': 0.0, 'steps': 14.333333333333334, 'surprise': 94.01881457699669, 'updates': 6.0, 'rollback': 0.08333333333333333, 'retrieved': 14.333333333333334, 'param_mem_size': 0, 'anchor_proj_total': 172.0}",gd,8,10,6,5,15,35.7726309299469,"[8.333333333333332, 8.333333333333332, 16.666666666666664, 16.666666666666664, 16.666666666666664, 16.666666666666664]"
shape,+,dtajepa,push4_meta,12,12,1,58.333333333333336,"[0.08333333333333333, 0.16666666666666666, 0.4166666666666667, 0.5, 0.5833333333333334, 0.5833333333333334]",30.0,7.5,"{'plan': 27.614463567733765, 'env': 0.8001329898834229, 'adapt': 6.4262330532073975}","{'lr': 0.0016230282416232781, 'anchor_proj': 13.833333333333334, 'depth': 0.0, 'steps': 13.833333333333334, 'surprise': 101.31638648774889, 'updates': 6.0, 'rollback': 0.0, 'retrieved': 13.833333333333334, 'param_mem_size': 0, 'anchor_proj_total': 166.0}",gd,8,10,6,5,15,35.17859697341919,"[8.333333333333332, 16.666666666666664, 41.66666666666667, 50.0, 58.333333333333336, 58.333333333333336]"
shape,I,dtajepa,push4_meta,12,12,1,58.333333333333336,"[0.25, 0.4166666666666667, 0.5, 0.5833333333333334, 0.5833333333333334, 0.5833333333333334]",30.0,4.583333333333333,"{'plan': 26.69024395942688, 'env': 0.7369592189788818, 'adapt': 5.970269441604614}","{'lr': 0.0014821279053614479, 'anchor_proj': 12.916666666666666, 'depth': 0.0, 'steps': 12.916666666666666, 'surprise': 89.56499274571736, 'updates': 6.0, 'rollback': 0.25, 'retrieved': 12.916666666666666, 'param_mem_size': 0, 'anchor_proj_total': 155.0}",gd,8,10,6,5,15,33.76171803474426,"[25.0, 41.66666666666667, 50.0, 58.333333333333336, 58.333333333333336, 58.333333333333336]"
shape,smallT,dtajepa,push4_meta,12,12,1,33.33333333333333,"[0.0, 0.16666666666666666, 0.16666666666666666, 0.16666666666666666, 0.25, 0.3333333333333333]",30.0,5.5,"{'plan': 26.76135563850403, 'env': 0.6703510284423828, 'adapt': 6.195887804031372}","{'lr': 0.0014917124344424957, 'anchor_proj': 13.583333333333334, 'depth': 0.0, 'steps': 13.583333333333334, 'surprise': 84.21575493282741, 'updates': 6.0, 'rollback': 0.08333333333333333, 'retrieved': 13.583333333333334, 'param_mem_size': 0, 'anchor_proj_total': 163.0}",gd,8,10,6,5,15,34.00505876541138,"[0.0, 16.666666666666664, 16.666666666666664, 16.666666666666664, 25.0, 33.33333333333333]"
shape,square,dtajepa,push4_meta,12,12,1,25.0,"[0.0, 0.08333333333333333, 0.08333333333333333, 0.08333333333333333, 0.16666666666666666, 0.25]",30.0,4.833333333333333,"{'plan': 27.567142009735107, 'env': 0.7255566120147705, 'adapt': 6.369451522827148}","{'lr': 0.0016289663660924607, 'anchor_proj': 13.666666666666666, 'depth': 0.0, 'steps': 13.666666666666666, 'surprise': 81.96572826306026, 'updates': 6.0, 'rollback': 0.0, 'retrieved': 13.666666666666666, 'param_mem_size': 0, 'anchor_proj_total': 164.0}",gd,8,10,6,5,15,34.986490964889526,"[0.0, 8.333333333333332, 8.333333333333332, 8.333333333333332, 16.666666666666664, 25.0]"
