suite,label,method,success,std,n,wall
dyn,default,adajepa,62.5,5.9,2,90.2
dyn,default,dtajepa,66.7,0.0,2,82.3
dyn,default,frozen,66.7,11.8,2,80.8
dyn,highDamping,adajepa,4.2,5.9,2,90.5
dyn,highDamping,dtajepa,0.0,0.0,2,78.0
dyn,highDamping,frozen,0.0,0.0,2,80.6
dyn,highDamping5,adajepa,33.3,0.0,2,90.3
dyn,highDamping5,dtajepa,41.7,11.8,2,80.0
dyn,highDamping5,frozen,16.7,11.8,2,80.8
dyn,lowMass,adajepa,58.3,11.8,2,90.6
dyn,lowMass,dtajepa,54.2,17.7,2,80.7
dyn,lowMass,frozen,58.3,11.8,2,80.7
layout,layout0,adajepa,66.7,11.8,2,90.4
layout,layout0,dtajepa,75.0,23.6,2,80.3
layout,layout0,frozen,75.0,23.6,2,80.4
layout,layout1,adajepa,66.7,0.0,2,90.9
layout,layout1,dtajepa,62.5,5.9,2,83.2
layout,layout1,frozen,62.5,5.9,2,81.4
layout,layout2,adajepa,62.5,5.9,2,89.9
layout,layout2,dtajepa,66.7,0.0,2,82.6
layout,layout2,frozen,66.7,0.0,2,80.5
layout,layout3,adajepa,66.7,0.0,2,90.6
layout,layout3,dtajepa,66.7,0.0,2,81.9
layout,layout3,frozen,66.7,0.0,2,80.8
layout,layout4,adajepa,75.0,11.8,2,91.2
layout,layout4,dtajepa,79.2,5.9,2,81.5
layout,layout4,frozen,79.2,5.9,2,81.1
shape,+,adajepa,33.3,0.0,2,35.7
shape,+,dtajepa,29.2,5.9,2,34.7
shape,+,frozen,33.3,0.0,2,31.6
shape,I,adajepa,58.3,0.0,2,35.5
shape,I,dtajepa,58.3,0.0,2,34.7
shape,I,frozen,58.3,0.0,2,31.6
shape,L,adajepa,29.2,17.7,2,35.6
shape,L,dtajepa,20.8,17.7,2,34.6
shape,L,frozen,25.0,23.6,2,31.7
shape,T,adajepa,29.2,5.9,2,35.8
shape,T,dtajepa,25.0,0.0,2,35.5
shape,T,frozen,25.0,0.0,2,32.2
shape,Z,adajepa,33.3,11.8,2,35.5
shape,Z,dtajepa,37.5,5.9,2,35.1
shape,Z,frozen,25.0,11.8,2,31.7
shape,smallT,adajepa,33.3,23.6,2,39.2
shape,smallT,dtajepa,29.2,17.7,2,33.7
shape,smallT,frozen,29.2,17.7,2,32.3
shape,square,adajepa,45.8,41.2,2,35.7
shape,square,dtajepa,29.2,17.7,2,35.0
shape,square,frozen,29.2,17.7,2,31.6
visual,blur,adajepa,25.0,0.0,1,36.1
visual,blur,dtajepa,41.7,0.0,1,34.5
visual,blur,frozen,33.3,0.0,1,32.4
visual,blurStrong,adajepa,25.0,0.0,1,36.5
visual,blurStrong,dtajepa,41.7,0.0,1,34.3
visual,blurStrong,frozen,33.3,0.0,1,32.1
visual,dark,adajepa,25.0,0.0,1,36.1
visual,dark,dtajepa,33.3,0.0,1,33.7
visual,dark,frozen,33.3,0.0,1,31.9
visual,default,adajepa,25.0,0.0,1,36.2
visual,default,dtajepa,41.7,0.0,1,34.0
visual,default,frozen,33.3,0.0,1,32.3
visual,redAgent,adajepa,25.0,0.0,1,35.7
visual,redAgent,dtajepa,41.7,0.0,1,34.0
visual,redAgent,frozen,33.3,0.0,1,32.1
visual,redAnchor,adajepa,25.0,0.0,1,35.7
visual,redAnchor,dtajepa,41.7,0.0,1,34.0
visual,redAnchor,frozen,33.3,0.0,1,32.2
visual,redBlock,adajepa,25.0,0.0,1,35.8
visual,redBlock,dtajepa,41.7,0.0,1,34.0
visual,redBlock,frozen,33.3,0.0,1,31.7
visual,snp,adajepa,25.0,0.0,1,35.9
visual,snp,dtajepa,41.7,0.0,1,33.6
visual,snp,frozen,33.3,0.0,1,31.8
